step;smooth_loss;loss
1; 109.538428;109.538428
101; 109.609824;92.456911
201; 107.023663;81.336083
301; 104.061846;74.140760
401; 100.997387;79.221836
501; 98.299064;69.182339
601; 95.687111;82.414671
701; 93.086025;70.490673
801; 90.371864;69.148155
901; 87.954258;58.085278
1001; 85.660774;66.332383
1101; 83.500260;62.004350
1201; 81.593420;62.948412
1301; 79.716331;60.290793
1401; 78.256345;65.661200
1501; 76.668788;58.850245
1601; 75.492671;60.407370
1701; 74.345932;66.477103
1801; 73.181032;53.284808
1901; 72.150959;55.622433
2001; 71.126692;52.639736
2101; 70.142590;55.028037
2201; 69.211374;58.384621
2301; 68.449741;57.659038
2401; 67.769708;47.723883
2501; 66.969321;47.477071
2601; 66.507751;74.870195
2701; 65.934560;64.667284
2801; 65.266257;67.241360
2901; 64.592958;55.005451
3001; 63.989925;58.926698
3101; 63.631532;51.977719
3201; 63.262991;70.520000
3301; 62.995713;61.732455
3401; 62.647147;60.687041
3501; 62.265500;65.880928
3601; 61.818680;67.624767
3701; 61.595022;54.529118
3801; 61.526206;55.856335
3901; 61.228536;45.010215
4001; 60.962209;52.605785
4101; 60.832156;96.573246
4201; 60.598240;69.526501
4301; 60.411297;67.984887
4401; 60.286613;62.474269
4501; 60.212757;51.753105
4601; 59.987937;45.941741
4701; 59.912142;51.593912
4801; 59.688287;60.501552
4901; 59.586885;54.180796
5001; 59.472071;52.455182
5101; 59.286844;59.738594
5201; 59.274354;62.469950
5301; 59.350012;52.052450
5401; 59.379749;61.881379
5501; 59.325607;57.729252
5601; 59.190647;52.064674
5701; 59.115059;56.851900
5801; 59.081541;54.375470
5901; 59.058807;55.756667
6001; 58.903919;52.613906
6101; 58.961896;47.635882
6201; 58.953826;54.224904
6301; 58.837053;57.396455
6401; 59.263919;71.484770
6501; 59.291569;53.974911
6601; 59.415722;68.690114
6701; 59.287243;44.984088
6801; 59.191142;52.584008
6901; 59.186223;56.275926
7001; 58.996427;59.592357
7101; 58.790799;51.933784
7201; 58.429007;48.154134
7301; 58.038902;63.447324
7401; 57.941883;66.633956
7501; 57.827983;55.749422
7601; 57.740420;51.965693
7701; 57.437967;59.780933
7801; 57.156260;59.356640
7901; 56.913815;62.367483
8001; 56.860821;58.392094
8101; 56.799892;48.218678
8201; 56.721491;56.502565
8301; 56.576901;52.062977
8401; 56.349444;50.526423
8501; 56.075310;59.336455
8601; 56.126999;68.673437
8701; 56.132148;45.612989
8801; 56.454779;51.529086
8901; 56.476533;64.214864
9001; 56.423933;58.185810
9101; 56.525310;50.995929
9201; 56.592107;56.023086
9301; 56.505682;79.523625
9401; 56.453732;61.625763
9501; 56.556369;55.134840
9601; 56.441422;57.547543
9701; 56.392370;73.456515
9801; 56.486268;54.294610
9901; 56.359833;65.033385
10001; 56.617620;53.272621
10101; 56.714830;59.690304
10201; 56.688304;43.958697
10301; 56.817100;59.250585
10401; 56.765208;65.954590
10501; 56.791847;51.773589
10601; 56.951230;52.475787
10701; 57.101065;51.351898
10801; 57.234118;44.941094
10901; 57.102021;50.227091
11001; 57.037063;57.809396
11101; 56.827307;57.246629
11201; 56.807251;65.972815
11301; 56.795910;52.896252
11401; 56.606389;59.956658
11501; 56.568711;52.674042
11601; 56.577449;44.227395
11701; 56.613750;42.392120
11801; 56.736124;43.205073
11901; 56.519202;55.918975
12001; 56.393967;58.174630
12101; 56.321224;45.484103
12201; 56.549028;52.388830
12301; 56.402116;55.930904
12401; 56.291339;47.886438
12501; 56.378558;57.105791
12601; 56.315134;52.655415
12701; 56.203848;60.989956
12801; 56.186948;64.676564
12901; 55.981723;60.326886
13001; 55.932651;47.687530
13101; 55.760463;58.292265
13201; 55.578882;46.095567
13301; 55.512033;60.962387
13401; 55.385664;64.390955
13501; 55.429926;59.579659
13601; 55.451274;59.821828
13701; 55.240933;51.314203
13801; 55.190570;67.623446
13901; 55.186729;64.721890
14001; 55.332428;56.552446
14101; 56.242074;56.233496
14201; 56.197752;89.832038
14301; 56.103279;63.834128
14401; 55.977865;69.506943
14501; 55.845902;48.525697
14601; 55.763235;49.958148
14701; 55.750436;51.013597
14801; 55.435416;57.084806
14901; 55.389612;50.889319
15001; 55.252753;51.426263
15101; 55.121064;50.940122
15201; 55.067971;58.628751
15301; 54.976105;55.437467
15401; 54.821253;63.581911
15501; 54.708650;61.469255
15601; 54.621101;71.571061
15701; 54.596087;47.491540
15801; 54.625072;63.261863
15901; 54.622644;42.787405
16001; 54.488675;49.401360
16101; 54.344456;46.330738
16201; 54.395997;47.035747
16301; 54.380744;64.201773
16401; 54.251905;68.953574
16501; 54.482537;59.708465
16601; 54.497258;47.887588
16701; 54.678037;58.349980
16801; 54.711151;58.938837
16901; 54.626437;46.736305
17001; 54.472095;48.602823
17101; 54.326506;48.516567
17201; 54.163071;43.954863
17301; 54.075715;57.086536
17401; 53.934365;57.430000
17501; 53.829602;50.453953
17601; 53.909605;50.799068
17701; 53.907815;48.762025
17801; 54.000361;48.091144
17901; 54.147527;43.035557
18001; 53.976612;47.185739
18101; 53.846612;54.937164
18201; 53.816719;54.175307
18301; 53.943981;45.646292
18401; 53.909650;41.326615
18501; 54.035456;53.352060
18601; 54.137628;45.386203
18701; 54.062476;50.868501
18801; 54.092167;64.619224
18901; 54.044224;45.077939
19001; 53.804055;48.812532
19101; 53.767540;46.713845
19201; 53.696748;60.817297
19301; 53.596116;58.981472
19401; 53.474359;54.638459
19501; 53.348398;47.942165
19601; 53.332714;48.161566
19701; 53.298513;56.131267
19801; 53.328545;50.417108
19901; 53.217226;56.832676
20001; 53.178096;42.805010
20101; 53.210025;52.603824
20201; 53.154802;52.853633
20301; 53.214722;54.170607
20401; 53.257309;47.946272
20501; 53.229521;52.834376
20601; 53.295606;46.236373
20701; 53.266095;52.738059
20801; 53.242109;62.009590
20901; 53.089844;63.899827
21001; 52.898838;35.887786
21101; 52.860358;41.169681
21201; 52.780098;49.410491
21301; 52.649847;48.056684
21401; 52.562299;58.911745
21501; 52.462599;66.144942
21601; 52.304456;48.459782
21701; 52.135657;52.825501
21801; 52.063935;53.707409
21901; 52.167571;55.071138
22001; 52.217554;53.740211
22101; 52.321917;60.170602
22201; 52.400258;56.623039
22301; 52.366382;44.725537
22401; 52.579240;58.812170
22501; 52.627379;50.182193
22601; 52.433976;48.330944
22701; 52.508507;50.307806
22801; 52.519694;58.715078
22901; 52.656615;49.861733
23001; 52.686210;46.025809
23101; 52.543210;44.473804
23201; 52.780640;61.328818
23301; 52.998628;60.349423
23401; 52.955853;52.467690
23501; 52.956763;60.350240
23601; 53.017489;63.726861
23701; 52.899555;79.607963
23801; 52.841898;62.796917
23901; 52.780236;40.285056
24001; 52.523970;47.701670
24101; 52.330502;56.620038
24201; 52.388274;56.150446
24301; 52.552551;45.577593
24401; 52.697095;56.617178
24501; 52.647484;55.493748
24601; 52.658212;44.542169
24701; 52.743914;43.562193
24801; 52.671665;54.699788
24901; 52.675029;52.025294
25001; 52.520696;59.853298
25101; 52.549728;57.396107
25201; 52.768002;57.084716
25301; 52.729107;52.652001
25401; 52.491529;48.996016
25501; 52.328209;61.449340
25601; 52.448825;52.699676
25701; 52.476401;54.828284
25801; 52.586429;49.626806
25901; 52.511459;49.367959
26001; 52.405532;65.946074
26101; 52.469983;56.168623
26201; 52.348713;64.333264
26301; 52.317678;50.734573
26401; 52.900518;57.683752
26501; 53.205126;48.605640
26601; 52.970135;44.173264
26701; 52.819287;40.481216
26801; 52.572507;50.490403
26901; 52.572851;50.928164
27001; 52.441329;37.796141
27101; 52.537562;56.665237
27201; 52.469469;44.566071
27301; 52.214181;58.910007
27401; 52.371555;66.587259
27501; 52.584995;57.990182
27601; 52.676433;43.645595
27701; 52.607231;64.379450
27801; 52.521518;55.504263
27901; 52.500440;43.162258
28001; 52.445144;52.020176
28101; 52.392027;54.757913
28201; 52.449153;38.575844
28301; 52.547723;51.982975
28401; 52.601896;46.358499
28501; 52.622636;52.504292
28601; 52.485828;44.054026
28701; 52.331692;51.614622
28801; 52.088244;44.403524
28901; 52.138810;52.596460
29001; 51.961805;53.268544
29101; 52.091498;36.894096
29201; 52.248509;45.091296
29301; 52.124423;74.393476
29401; 52.297647;47.534020
29501; 52.200461;51.537581
29601; 52.129693;68.154634
29701; 51.940333;44.380467
29801; 51.823305;44.191865
29901; 51.691558;52.336252
30001; 51.550214;52.337462
30101; 51.414485;49.135199
30201; 51.286996;51.614574
30301; 51.020863;42.636262
30401; 50.895304;47.555769
30501; 50.878843;50.120954
30601; 51.177804;37.927974
30701; 51.286679;40.428837
30801; 51.360277;52.960854
30901; 51.686850;54.872785
31001; 51.643593;47.450185
31101; 51.683945;47.858316
31201; 51.547460;45.523768
31301; 51.531579;48.129359
31401; 51.322024;60.614329
31501; 51.429999;71.041016
31601; 51.325708;42.587780
31701; 51.197868;47.736372
31801; 51.318974;51.092065
31901; 51.314311;46.890637
32001; 51.301799;54.123028
32101; 51.290323;56.042117
32201; 51.254949;30.990590
32301; 51.310787;54.485684
32401; 51.276255;62.080624
32501; 51.319258;42.906213
32601; 51.197533;51.816914
32701; 51.394823;57.165221
32801; 51.476813;46.960550
32901; 51.489886;43.854078
33001; 51.467307;49.261978
33101; 51.483344;50.733761
33201; 51.580884;53.788428
33301; 51.496857;56.732946
33401; 51.438230;51.376799
33501; 51.277674;38.729320
33601; 51.169138;44.136458
33701; 50.933233;42.833754
33801; 50.762684;46.079427
33901; 50.726032;65.054365
34001; 50.753260;59.595987
34101; 50.446810;40.303258
34201; 50.408111;52.697878
34301; 50.219483;48.169668
34401; 50.204389;56.324949
34501; 50.178039;46.646900
34601; 50.153851;70.065072
34701; 50.204243;34.790467
34801; 50.305468;52.788766
34901; 50.217268;58.242499
35001; 50.519144;49.606829
35101; 50.605136;45.361058
35201; 50.502631;48.904787
35301; 50.270778;43.015144
35401; 49.992208;56.015598
35501; 50.099012;55.177250
35601; 50.374807;47.692111
35701; 50.480747;57.239438
35801; 50.630565;46.423942
35901; 50.502580;49.427989
36001; 50.710773;48.828019
36101; 50.414975;53.560961
36201; 50.467024;65.333912
36301; 50.324844;47.895829
36401; 50.327474;44.196824
36501; 50.180960;39.875281
36601; 50.245047;52.204306
36701; 50.169329;34.430802
36801; 50.246209;47.027365
36901; 50.620249;47.315455
37001; 50.925822;36.603002
37101; 50.898273;45.689680
37201; 50.792273;62.895254
37301; 50.687701;57.427362
37401; 50.706086;51.720863
37501; 50.785760;34.829920
37601; 50.656401;52.941269
37701; 50.566360;40.065887
37801; 50.617628;52.597421
37901; 50.492931;44.335965
38001; 50.632836;39.817944
38101; 50.687017;47.841657
38201; 50.647680;39.493114
38301; 50.363325;50.286902
38401; 50.294054;45.513738
38501; 50.164945;38.501733
38601; 50.002169;53.722367
38701; 50.016889;47.635810
38801; 50.017718;43.319001
38901; 50.210422;38.484762
39001; 50.286662;48.895806
39101; 50.548844;54.311250
39201; 50.743300;63.341227
39301; 50.840129;42.092289
39401; 50.882958;52.767769
39501; 50.899419;58.749849
39601; 51.114157;51.542658
39701; 50.918309;50.745689
39801; 50.898110;60.567609
39901; 50.734625;56.231938
40001; 50.500569;46.782530
40101; 50.201511;34.952055
40201; 49.986140;46.171934
40301; 49.813371;54.612537
40401; 49.831245;52.163103
40501; 49.661927;55.959915
40601; 49.576493;48.400682
40701; 49.507128;38.897538
40801; 49.505700;49.376169
40901; 49.504946;47.461749
41001; 49.464204;55.598330
41101; 49.628571;50.373313
41201; 49.649005;51.675379
41301; 49.834376;46.624063
41401; 49.983341;39.386308
41501; 49.828135;52.485092
41601; 49.983088;45.692194
41701; 49.782411;33.786758
41801; 49.899386;44.006826
41901; 49.853260;53.177857
42001; 49.631126;51.263694
42101; 49.543916;49.549385
42201; 49.350396;58.704601
42301; 49.325581;48.516174
42401; 49.457062;45.825239
42501; 49.691798;45.399509
42601; 49.686159;61.351879
42701; 49.979687;44.112018
42801; 49.974114;52.776706
42901; 49.860532;50.387512
43001; 49.927262;57.084825
43101; 49.813622;39.155238
43201; 49.699650;48.109560
43301; 49.569974;69.006903
43401; 49.680616;40.539601
43501; 49.595218;44.211753
43601; 49.586588;41.588138
43701; 49.734295;66.316521
43801; 49.934598;58.741088
43901; 49.833138;50.601132
44001; 49.812771;42.051979
44101; 49.875733;56.203705
44201; 49.848197;50.726310
44301; 49.777060;39.994841
44401; 50.342623;56.870163
44501; 50.495408;42.136514
44601; 50.570090;59.359778
44701; 50.398481;61.595503
44801; 50.553174;45.806054
44901; 50.769675;53.599728
45001; 50.912214;61.455733
45101; 50.839329;46.452817
45201; 50.695200;39.612232
45301; 50.636774;54.086731
45401; 50.564767;50.309941
45501; 50.511528;57.802598
45601; 50.401367;60.336839
45701; 50.556592;47.269771
45801; 50.486859;51.321124
45901; 50.837539;54.582641
46001; 51.250654;62.354838
46101; 51.293428;52.888448
46201; 51.310556;49.875604
46301; 51.281450;58.248769
46401; 51.159606;40.774592
46501; 51.019584;48.394014
46601; 51.184716;60.930414
46701; 51.321821;52.436790
46801; 51.265575;54.322361
46901; 51.353699;51.481877
47001; 51.259973;40.938563
47101; 51.176255;51.287021
47201; 50.968759;53.690216
47301; 50.956158;43.819758
47401; 50.910726;41.224649
47501; 50.744321;44.549199
47601; 50.755431;72.570321
47701; 50.678664;46.857398
47801; 50.510480;56.858346
47901; 50.476578;53.790228
48001; 50.611544;44.457569
48101; 50.797311;60.174409
48201; 50.723359;56.837004
48301; 50.664674;58.806371
48401; 50.781648;72.021665
48501; 50.864611;69.213307
48601; 50.837039;54.394298
48701; 50.852805;41.772033
48801; 50.934042;39.730283
48901; 50.840607;46.827002
49001; 50.894575;54.758340
49101; 50.789022;43.479117
49201; 50.843175;40.869240
49301; 50.739096;56.428488
49401; 50.681784;54.629977
49501; 50.825462;55.416030
49601; 51.056444;35.540994
49701; 51.230588;44.588575
49801; 51.294877;62.328597
49901; 51.322715;33.800602
50001; 51.299837;60.333306
50101; 51.462021;59.019990
50201; 51.411376;50.680113
50301; 51.308192;60.034087
50401; 51.399719;58.571080
50501; 51.487069;44.023420
50601; 51.516659;50.820546
50701; 52.053154;46.469602
50801; 52.292616;88.071309
50901; 52.414177;53.416542
51001; 52.425788;57.606404
51101; 52.522381;43.931466
51201; 52.479465;50.096307
51301; 52.363997;37.863039
51401; 52.181464;34.168888
51501; 51.859811;46.579164
51601; 51.470988;40.337724
51701; 51.241576;51.468964
51801; 51.042330;55.532728
51901; 50.923291;28.679049
52001; 50.622109;47.880769
52101; 50.412221;53.244267
52201; 50.140438;57.742770
52301; 50.125210;46.444903
52401; 50.095164;60.556996
52501; 50.014112;45.424414
52601; 49.930143;40.055596
52701; 49.706080;38.083291
52801; 49.429671;53.994303
52901; 49.404620;53.330784
53001; 49.427801;44.755612
53101; 49.775025;65.258929
53201; 49.880598;39.496995
53301; 49.794714;27.269159
53401; 49.915100;69.715445
53501; 50.146983;55.734545
53601; 50.131817;56.846109
53701; 50.156600;47.253950
53801; 50.256294;94.701166
53901; 50.261472;50.169503
54001; 50.206179;57.637757
54101; 50.410796;54.092577
54201; 50.261861;53.527156
54301; 50.438364;36.940140
54401; 50.577414;39.078585
54501; 50.638547;40.300423
54601; 50.740817;51.950325
54701; 50.776876;57.037471
54801; 50.774724;44.648560
54901; 51.061352;46.389189
55001; 51.316682;42.301413
55101; 51.517767;56.177223
55201; 51.457551;44.075626
55301; 51.434728;41.227958
55401; 51.222878;61.005939
55501; 51.243392;48.914063
55601; 51.333624;47.832779
55701; 51.093661;53.256871
55801; 51.109614;52.846872
55901; 51.141260;42.393203
56001; 51.317413;55.702469
56101; 51.483376;56.232951
56201; 51.232014;51.788044
56301; 51.129056;36.566360
56401; 51.145782;51.377563
56501; 51.353285;38.218306
56601; 51.159041;65.413926
56701; 51.004213;45.938066
56801; 51.003880;37.497392
56901; 50.945487;46.376000
57001; 50.883388;49.568969
57101; 50.867983;39.624273
57201; 50.748008;43.329350
57301; 50.735894;53.478663
57401; 50.484219;48.015590
57501; 50.298063;60.604413
57601; 50.245058;50.103491
57701; 50.120598;31.285000
57801; 50.200325;47.306854
57901; 50.173286;67.715667
58001; 50.059712;35.960244
58101; 50.061630;54.240763
58201; 50.069459;54.088164
58301; 50.306456;60.316307
58401; 51.088332;41.509701
58501; 51.107302;53.962942
58601; 51.067015;59.565048
58701; 51.016416;57.442155
58801; 50.994893;52.186243
58901; 50.972167;34.621079
59001; 50.923338;38.369887
59101; 50.674337;46.289362
59201; 50.582645;44.654603
59301; 50.429572;36.848208
59401; 50.297645;44.455476
59501; 50.232048;47.414652
59601; 50.252293;47.376688
59701; 50.094062;45.552632
59801; 49.972278;56.654753
59901; 49.930807;42.458605
60001; 49.918443;42.435112
60101; 50.048047;60.446883
60201; 50.118053;48.341212
60301; 49.955393;56.422760
60401; 49.794250;47.688829
60501; 49.941024;53.199224
60601; 49.817368;49.387458
60701; 49.686844;45.989307
60801; 49.923803;45.885719
60901; 49.894423;48.057739
61001; 50.082447;71.779099
61101; 50.128536;61.966575
61201; 50.009332;52.732833
61301; 49.847096;56.341552
61401; 49.790428;54.256526
61501; 49.631349;43.943896
61601; 49.542020;45.560823
61701; 49.390869;45.221964
61801; 49.333143;51.100919
61901; 49.483658;63.046243
62001; 49.516587;52.189020
62101; 49.674838;54.493094
62201; 49.800057;52.984860
62301; 49.664372;41.656901
62401; 49.580442;51.963227
62501; 49.658938;43.688202
62601; 49.837554;52.610660
62701; 49.845927;50.451845
62801; 49.996170;56.132654
62901; 50.194253;40.226792
63001; 50.155044;47.098656
63101; 50.126548;40.413581
63201; 50.125191;54.413855
63301; 49.883167;45.644877
63401; 49.830382;56.840766
63501; 49.820719;36.866897
63601; 49.704214;37.251851
63701; 49.558833;33.102258
63801; 49.497189;39.957571
63901; 49.503727;55.538496
64001; 49.502242;56.224894
64101; 49.560638;41.907673
64201; 49.463065;35.790388
64301; 49.399077;38.954057
64401; 49.387625;41.419726
64501; 49.275999;42.645465
64601; 49.375110;46.117080
64701; 49.472267;37.981865
64801; 49.393374;42.584960
64901; 49.391784;57.715238
65001; 49.375753;55.275685
65101; 49.369008;41.223115
65201; 49.269854;39.066513
65301; 49.111198;53.898193
65401; 49.101491;50.521231
65501; 49.041903;46.362292
65601; 48.996932;42.184694
65701; 48.960180;48.287237
65801; 48.924624;42.464499
65901; 48.791342;42.874896
66001; 48.617327;46.400867
66101; 48.558055;44.301842
66201; 48.624861;43.156513
66301; 48.725335;63.045956
66401; 48.785096;57.654711
66501; 48.957890;51.101068
66601; 48.951883;59.199710
66701; 49.156648;44.306638
66801; 49.259331;53.011040
66901; 49.078590;35.896808
67001; 49.196862;44.076122
67101; 49.221114;44.015771
67201; 49.378563;58.718154
67301; 49.399498;43.638762
67401; 49.247830;38.649432
67501; 49.445045;47.988299
67601; 49.690002;49.493527
67701; 49.677134;61.378409
67801; 49.671221;51.120222
67901; 49.762933;50.786706
68001; 49.611235;38.672647
68101; 49.587647;41.536162
68201; 49.577420;51.728947
68301; 49.290013;48.096354
68401; 49.052622;44.527355
68501; 49.087378;29.719758
68601; 49.174957;60.875405
68701; 49.341155;29.429059
68801; 49.339172;59.505443
68901; 49.374389;48.467518
69001; 49.565191;52.977218
69101; 49.547404;54.484924
69201; 49.587792;57.547387
69301; 49.452798;50.119651
69401; 49.504878;55.925295
69501; 49.776007;39.578254
69601; 49.734273;52.515417
69701; 49.531568;42.418391
69801; 49.327740;62.795165
69901; 49.418195;35.646636
70001; 49.499090;55.308435
70101; 49.584723;48.946300
70201; 49.537514;47.241254
70301; 49.364990;69.046724
70401; 49.409416;40.409353
70501; 49.277820;60.103269
70601; 49.269945;40.036447
70701; 49.860035;50.500124
70801; 50.203357;53.820376
70901; 49.980644;44.332060
71001; 49.802103;44.710965
71101; 49.517804;45.996278
71201; 49.510002;54.484862
71301; 49.382308;50.243921
71401; 49.469180;56.067311
71501; 49.444036;39.676960
71601; 49.123726;49.177471
71701; 49.178736;61.769461
71801; 49.480670;48.740500
71901; 49.623810;55.600520
72001; 49.614981;35.314143
72101; 49.604230;54.839871
72201; 49.673738;44.076135
72301; 49.617489;37.959431
72401; 49.611119;49.883118
72501; 49.671532;45.015128
72601; 49.804498;42.316446
72701; 49.842000;46.098099
72801; 49.806266;47.979861
72901; 49.653793;48.956772
73001; 49.419297;43.133175
73101; 49.203583;48.163756
73201; 49.240894;58.674654
73301; 49.059019;52.048142
73401; 49.248021;43.470139
73501; 49.427745;44.042218
73601; 49.314106;30.431218
73701; 49.494804;49.443695
73801; 49.465256;45.489452
73901; 49.408984;43.781956
74001; 49.257333;49.667677
74101; 49.159074;51.601054
74201; 49.107387;51.020926
74301; 49.027093;43.715948
74401; 48.937067;41.108298
74501; 48.824114;51.980267
74601; 48.571776;58.755857
74701; 48.427934;45.008397
74801; 48.374319;46.393131
74901; 48.708569;43.164031
75001; 48.793796;43.411359
75101; 48.848366;42.506215
75201; 49.176842;55.466355
75301; 49.118263;62.915128
75401; 49.204389;60.699443
75501; 49.087396;40.190209
75601; 49.049090;39.508749
75701; 48.845487;45.656579
75801; 48.925317;54.569889
75901; 48.843079;51.397598
76001; 48.668638;44.307594
76101; 48.689281;46.715280
76201; 48.729059;57.955608
76301; 48.713360;47.856845
76401; 48.695322;53.984560
76501; 48.649617;39.081816
76601; 48.664699;54.122070
76701; 48.625137;48.900227
76801; 48.768263;45.160112
76901; 48.657988;52.444993
77001; 48.853778;34.473644
77101; 49.006932;62.050270
77201; 49.048661;30.190436
77301; 48.993837;41.658120
77401; 49.005341;45.955608
77501; 49.100211;42.438360
77601; 48.976334;34.266711
77701; 48.893806;43.812573
77801; 48.698391;45.970245
77901; 48.514644;48.434492
78001; 48.295129;46.882316
78101; 48.056444;46.612822
78201; 47.999790;41.699350
78301; 48.060590;46.980244
78401; 47.755324;39.257925
78501; 47.697786;40.055170
78601; 47.480550;38.475997
78701; 47.427540;52.717940
78801; 47.408418;46.374299
78901; 47.363767;45.579225
79001; 47.537291;46.243810
79101; 47.709380;43.794038
79201; 47.633455;47.056696
79301; 47.962814;39.655650
79401; 48.033765;32.582047
79501; 47.955253;46.785853
79601; 47.769515;58.423384
79701; 47.525557;51.159655
79801; 47.598956;47.509049
79901; 47.866514;71.534918
80001; 47.986958;60.938671
80101; 48.132931;41.655573
80201; 48.048277;41.984894
80301; 48.296705;46.117003
80401; 48.011422;42.036343
80501; 48.062277;60.802535
80601; 47.922641;46.315743
80701; 47.897972;42.272970
80801; 47.746856;43.067728
80901; 47.744837;30.019578
81001; 47.682773;44.988868
81101; 47.765509;38.689996
81201; 48.157730;58.372012
81301; 48.501582;43.788499
81401; 48.481147;36.447218
81501; 48.348346;53.867159
81601; 48.172243;46.340156
81701; 48.210800;43.331554
81801; 48.309733;50.067825
81901; 48.182461;45.548443
82001; 48.130315;53.566082
82101; 48.197814;47.807545
82201; 48.041065;43.761541
82301; 48.238033;53.705748
82401; 48.349612;40.871072
82501; 48.333627;46.844107
82601; 48.067205;43.184857
82701; 47.997669;37.384067
82801; 47.904103;45.981302
82901; 47.780440;54.240466
83001; 47.832570;49.760557
83101; 47.867220;36.483039
83201; 48.035798;57.118289
83301; 48.112776;43.083921
83401; 48.354568;59.598172
83501; 48.539821;49.815507
83601; 48.645715;51.164434
83701; 48.744297;41.299428
83801; 48.787445;44.116410
83901; 49.048195;45.666572
84001; 48.849398;41.722960
84101; 48.811180;46.446679
84201; 48.652762;42.556112
84301; 48.465156;47.203542
84401; 48.224808;46.070587
84501; 48.009218;40.368414
84601; 47.817893;47.565082
84701; 47.839688;43.709699
84801; 47.667002;44.715893
84901; 47.591270;46.351735
85001; 47.441798;48.641159
85101; 47.461348;39.355326
85201; 47.454703;55.726599
85301; 47.422683;44.600295
85401; 47.590212;47.057242
85501; 47.617380;49.012733
85601; 47.807685;49.529399
85701; 47.942561;56.856212
85801; 47.817991;35.442264
85901; 47.982662;52.516582
86001; 47.800754;41.412984
86101; 47.878908;53.472028
86201; 47.815004;36.904308
86301; 47.609223;41.980477
86401; 47.489222;46.743675
86501; 47.306464;44.214393
86601; 47.277102;44.591711
86701; 47.380804;37.846348
86801; 47.588054;47.313445
86901; 47.602615;40.777776
87001; 47.907526;45.826637
87101; 47.897047;55.252597
87201; 47.788961;51.861967
87301; 47.826893;49.397830
87401; 47.694278;44.218998
87501; 47.574507;60.870575
87601; 47.410092;55.026669
87701; 47.559698;54.906216
87801; 47.470844;57.869054
87901; 47.462200;47.755873
88001; 47.618779;38.542651
88101; 47.804408;57.212785
88201; 47.734096;49.253720
88301; 47.685851;37.466077
88401; 47.738717;55.565791
88501; 47.695166;49.256074
88601; 47.644782;42.606800
88701; 48.229084;51.616249
88801; 48.470114;52.358252
88901; 48.572592;41.923164
89001; 48.460810;56.518740
89101; 48.627564;54.581608
89201; 48.905254;61.997231
89301; 49.118767;57.349484
89401; 49.111029;47.703540
89501; 48.923221;39.901885
89601; 48.928001;44.835425
89701; 48.858759;37.020445
89801; 48.827282;46.669122
89901; 48.702470;45.628855
90001; 48.822288;54.198233
90101; 48.774672;49.494450
90201; 49.127726;60.339693
90301; 49.604435;44.686511
90401; 49.683121;49.063112
90501; 49.694564;41.530023
90601; 49.658412;49.219216
90701; 49.536469;34.874324
90801; 49.383273;36.358727
90901; 49.545042;43.197958
91001; 49.698781;44.835561
91101; 49.636195;48.068196
91201; 49.719156;51.727345
91301; 49.643342;52.879724
91401; 49.571262;49.937174
91501; 49.330585;43.267119
91601; 49.315526;38.948897
91701; 49.295146;45.688718
91801; 49.098789;47.524454
91901; 49.069941;40.951253
92001; 49.055824;51.902846
92101; 48.879948;42.794141
92201; 48.869931;44.137945
92301; 49.020130;59.366765
92401; 49.212611;46.422976
92501; 49.137724;45.114038
92601; 49.093086;48.161494
92701; 49.166784;50.480596
92801; 49.247197;42.457892
92901; 49.190822;51.725965
93001; 49.180250;50.512685
93101; 49.310101;55.188513
93201; 49.195644;38.843524
93301; 49.229989;53.564415
93401; 49.144364;44.972170
93501; 49.200088;38.311961
93601; 49.109455;36.591713
93701; 49.075846;35.868368
93801; 49.187120;41.950498
93901; 49.456631;57.633899
94001; 49.640492;52.293644
94101; 49.702546;57.593479
94201; 49.749519;52.554949
94301; 49.688347;61.741041
94401; 49.880333;63.030978
94501; 49.827613;38.836754
94601; 49.761554;45.092784
94701; 49.826426;56.566981
94801; 49.953965;36.317793
94901; 50.034579;59.533734
95001; 50.521462;73.886935
95101; 50.792028;48.657238
95201; 50.968508;48.706342
95301; 50.986963;51.092120
95401; 51.089643;40.575942
95501; 51.031139;62.850680
95601; 50.906269;46.800033
95701; 50.707540;43.107027
95801; 50.412946;44.752252
95901; 50.024617;39.182145
96001; 49.736143;44.851901
96101; 49.534346;53.859921
96201; 49.410543;56.265752
96301; 49.072435;47.435567
96401; 48.877563;37.496324
96501; 48.582093;57.157491
96601; 48.578085;46.860009
96701; 48.546490;34.127924
96801; 48.514013;52.448456
96901; 48.470087;50.020980
97001; 48.239730;41.421252
97101; 47.952887;42.542024
97201; 47.886425;43.913084
97301; 47.906581;54.206368
97401; 48.231536;34.417030
97501; 48.384786;51.170599
97601; 48.290146;41.671613
97701; 48.383130;67.650832
97801; 48.645652;46.885032
97901; 48.610317;48.555836
98001; 48.683784;51.463234
98101; 48.714511;39.070279
98201; 48.737518;43.480251
98301; 48.630634;36.250569
98401; 48.851727;62.820659
98501; 48.675077;48.087706
98601; 48.844999;55.684830
98701; 49.006019;57.060573
98801; 49.052226;48.884105
98901; 49.143465;61.337164
99001; 49.173426;28.590119
99101; 49.187648;35.901431
99201; 49.499346;62.468467
99301; 49.791852;114.295568
99401; 49.998576;31.827768
99501; 49.987195;61.899621
99601; 49.931938;51.699741
99701; 49.706011;37.977084
99801; 49.717264;42.844804
99901; 49.798444;45.040120
100001; 49.542335;41.252054
100101; 49.615706;63.318492
100201; 49.659078;40.034840
100301; 49.849470;46.782033
100401; 50.057145;60.336290
100501; 49.796170;47.785199
100601; 49.749506;40.541664
100701; 49.740209;42.211558
100801; 49.924192;43.213741
100901; 49.704860;54.041479
101001; 49.537318;48.093864
101101; 49.488076;56.186298
101201; 49.410807;48.778563
101301; 49.300148;37.385195
101401; 49.340439;44.465982
101501; 49.226956;43.346760
101601; 49.218736;35.011403
101701; 48.938128;55.522897
101801; 48.819156;55.528957
101901; 48.810954;62.952409
102001; 48.684798;45.879576
102101; 48.751617;61.745885
102201; 48.697299;53.865710
102301; 48.636958;44.013742
102401; 48.633603;48.337400
102501; 48.676218;60.558817
102601; 48.937784;58.624838
102701; 49.692202;59.083673
102801; 49.690419;38.159970
102901; 49.643528;46.275605
103001; 49.570249;46.199873
103101; 49.579995;53.842133
103201; 49.582992;40.157295
103301; 49.509293;35.592349
103401; 49.304324;51.750672
103501; 49.155769;45.347754
103601; 48.981624;40.518112
103701; 48.834419;59.167991
103801; 48.772607;39.115924
103901; 48.792240;60.533050
104001; 48.617538;37.985106
104101; 48.480571;58.708194
104201; 48.448774;47.463003
104301; 48.448530;57.499421
104401; 48.540438;38.745580
104501; 48.617052;71.966425
104601; 48.462976;57.517344
104701; 48.314710;43.414371
104801; 48.458327;58.295003
104901; 48.365743;38.470579
105001; 48.229080;56.607810
105101; 48.501000;56.072812
105201; 48.483477;54.417410
105301; 48.624205;50.315260
105401; 48.684164;34.025125
105501; 48.565133;42.849691
105601; 48.451697;41.866212
105701; 48.395579;44.166786
105801; 48.232789;44.149178
105901; 48.160999;40.036530
106001; 47.981973;30.497649
106101; 47.953773;56.202306
106201; 48.114272;44.103045
106301; 48.122659;41.492016
106401; 48.267187;38.042703
106501; 48.415188;55.079871
106601; 48.327050;42.734529
106701; 48.210727;39.800494
106801; 48.328493;38.029373
106901; 48.496940;37.768202
107001; 48.445389;59.147866
107101; 48.620954;60.331851
107201; 48.804794;50.177801
107301; 48.768921;43.961030
107401; 48.742587;61.921423
107501; 48.724431;49.528570
107601; 48.510547;77.600343
107701; 48.453921;50.991240
107801; 48.430027;44.385268
107901; 48.388387;63.212033
108001; 48.171483;51.618822
108101; 48.098319;55.592672
108201; 48.087138;42.429317
108301; 48.109075;40.146799
108401; 48.219766;38.659315
108501; 48.098853;41.252731
108601; 48.079439;46.649020
108701; 48.052564;62.506772
108801; 47.912437;46.846078
108901; 48.036753;47.169141
109001; 48.134559;54.887229
109101; 48.073745;49.639288
109201; 48.050216;42.662057
109301; 48.031524;55.154432
109401; 48.056312;49.656895
109501; 47.961995;44.296309
109601; 47.780258;49.491983
109701; 47.799959;46.418763
109801; 47.728197;54.307837
109901; 47.690319;50.331545
110001; 47.690088;51.722668
110101; 47.699540;40.380136
110201; 47.555911;36.580781
110301; 47.373533;46.551328
110401; 47.280582;45.280217
110501; 47.316188;47.828601
110601; 47.390560;50.983603
110701; 47.468988;40.370673
110801; 47.667929;61.670363
110901; 47.682704;46.058624
111001; 47.905280;64.108049
111101; 48.068030;35.868764
111201; 47.904649;43.171479
111301; 47.957571;43.938322
111401; 47.996507;39.631810
111501; 48.142934;49.599339
111601; 48.121963;28.605605
111701; 47.992778;47.424696
111801; 48.146299;66.005972
111901; 48.366051;41.071181
112001; 48.323062;52.903867
112101; 48.347720;36.919184
112201; 48.477863;54.460465
112301; 48.370957;52.558854
112401; 48.360524;36.082218
112501; 48.375173;47.843601
112601; 48.096541;33.850833
112701; 47.888753;56.638624
112801; 47.917624;47.487798
112901; 47.991784;48.949109
113001; 48.189771;44.879960
113101; 48.115418;49.528035
113201; 48.178905;57.991413
113301; 48.395634;36.512675
113401; 48.392799;53.686505
113501; 48.440672;45.493715
113601; 48.311927;42.322209
113701; 48.405033;48.170214
113801; 48.673031;65.910084
113901; 48.594467;45.901482
114001; 48.379258;46.872695
114101; 48.160890;59.952928
114201; 48.286489;57.617284
114301; 48.390612;47.654457
114401; 48.490174;47.685504
114501; 48.415693;55.735594
114601; 48.205725;45.233389
114701; 48.302030;46.591759
114801; 48.148494;51.549064
114901; 48.151389;40.600778
115001; 48.705025;60.894692
115101; 49.032673;38.202895
115201; 48.819130;47.653419
115301; 48.629040;46.707717
115401; 48.339271;35.331565
115501; 48.330188;59.120109
115601; 48.165229;41.060415
115701; 48.262592;48.428853
115801; 48.224630;45.002467
115901; 47.860165;36.449740
116001; 47.878912;37.302656
116101; 48.251228;63.650373
116201; 48.416268;44.118573
116301; 48.439020;45.691159
116401; 48.451926;40.004332
116501; 48.557850;53.515713
116601; 48.515944;47.562135
116701; 48.538425;51.788021
116801; 48.610756;55.262421
116901; 48.750260;55.997324
117001; 48.752160;57.723138
117101; 48.680645;37.230772
117201; 48.520983;33.666330
117301; 48.254108;46.981498
117401; 48.027563;34.758633
117501; 48.038400;52.031820
117601; 47.825172;56.582276
117701; 48.004512;50.224145
117801; 48.207450;48.087505
117901; 48.131993;44.098761
118001; 48.313302;77.576875
118101; 48.293171;46.471001
118201; 48.261956;62.022837
118301; 48.089632;42.084270
118401; 47.989313;51.017206
118501; 47.973054;44.631154
118601; 47.909839;47.883741
118701; 47.824755;33.241809
118801; 47.678021;49.618319
118901; 47.445192;51.925024
119001; 47.274700;46.857999
119101; 47.248674;67.302922
119201; 47.581350;47.323403
119301; 47.674372;60.366269
119401; 47.785062;44.566723
119501; 48.071062;39.864856
119601; 48.030655;50.948767
119701; 48.112329;48.488605
119801; 48.017917;51.600989
119901; 47.938091;51.980500
120001; 47.729008;53.109231
120101; 47.801337;58.467354
120201; 47.738137;48.087301
120301; 47.571829;44.390454
120401; 47.583721;38.824670
120501; 47.596177;51.722812
120601; 47.575843;46.812036
120701; 47.525354;42.761410
120801; 47.486584;44.411711
120901; 47.439318;43.230445
121001; 47.394074;56.714057
121101; 47.553171;36.535888
121201; 47.421196;47.378318
121301; 47.657241;54.286614
121401; 47.798390;38.460444
121501; 47.912135;46.211080
121601; 47.868406;51.944426
121701; 47.886167;45.039443
121801; 47.982735;50.016983
121901; 47.869801;42.546053
122001; 47.771425;43.290426
122101; 47.589577;52.303378
122201; 47.363597;48.522062
122301; 47.168296;26.502008
122401; 46.931133;53.521225
122501; 46.881349;39.391220
122601; 46.931324;51.318778
122701; 46.676935;50.886026
122801; 46.610394;48.531585
122901; 46.363934;24.935207
123001; 46.304345;43.793760
123101; 46.274847;48.193647
123201; 46.208562;61.682631
123301; 46.408512;38.427952
123401; 46.584423;47.389402
123501; 46.499012;43.714329
123601; 46.832294;52.960934
123701; 46.931945;50.726042
123801; 46.882152;49.855815
123901; 46.712486;52.062730
124001; 46.465154;51.384575
124101; 46.469157;49.476317
124201; 46.703987;51.131433
124301; 46.829896;45.614580
124401; 47.031006;49.361211
124501; 46.966057;39.099926
124601; 47.217310;49.196050
124701; 46.932900;40.485760
124801; 46.973138;35.740122
124901; 46.826843;44.069654
125001; 46.732948;49.202647
125101; 46.584892;55.491009
125201; 46.608034;42.451506
125301; 46.550661;37.216438
125401; 46.623405;50.798605
125501; 47.002142;51.587360
125601; 47.408376;43.575876
125701; 47.369348;43.213636
125801; 47.272248;51.957139
125901; 47.108645;44.401984
126001; 47.166954;44.132638
126101; 47.259397;47.021050
126201; 47.150621;31.828232
126301; 47.085074;53.373995
126401; 47.187187;54.290572
126501; 47.032411;49.194738
126601; 47.261915;64.756647
126701; 47.400979;50.157663
126801; 47.391346;37.482490
126901; 47.135513;37.568162
127001; 47.039407;48.089982
127101; 46.973777;62.645482
127201; 46.856837;44.823656
127301; 46.859442;41.371387
127401; 46.897384;48.075653
127501; 47.037562;52.728451
127601; 47.152206;67.589392
127701; 47.381048;37.329309
127801; 47.540472;51.886184
127901; 47.638902;52.004926
128001; 47.752987;44.248489
128101; 47.774884;57.826561
128201; 48.027996;47.544691
128301; 47.822707;37.456487
128401; 47.764661;57.191966
128501; 47.642282;51.715333
128601; 47.466935;35.117669
128701; 47.236424;51.119773
128801; 47.030052;44.911846
128901; 46.830103;59.017825
129001; 46.872224;45.433937
129101; 46.710849;50.819095
129201; 46.551539;49.024157
129301; 46.402647;62.700022
129401; 46.443245;64.959785
129501; 46.412118;34.807801
129601; 46.334953;40.211956
129701; 46.468947;54.259968
129801; 46.517553;57.620978
129901; 46.731441;61.611678
130001; 46.901912;53.226481
130101; 46.764097;61.486634
130201; 46.932780;42.331693
130301; 46.792204;41.407317
130401; 46.846600;55.635169
130501; 46.756755;39.589390
130601; 46.540431;62.719094
130701; 46.426173;52.120063
130801; 46.237962;43.583624
130901; 46.206529;41.674703
131001; 46.289993;40.649050
131101; 46.453805;43.805165
131201; 46.455860;59.131762
131301; 46.776243;39.744530
131401; 46.769418;47.731970
131501; 46.639671;43.299959
131601; 46.686484;40.195217
131701; 46.594946;38.732000
131801; 46.470974;36.370323
131901; 46.306781;46.533582
132001; 46.483088;47.352085
132101; 46.389898;41.411618
132201; 46.427356;48.311475
132301; 46.573346;60.594094
132401; 46.752088;39.518910
132501; 46.655722;68.716466
132601; 46.624852;41.289663
132701; 46.648933;49.254991
132801; 46.663127;39.290056
132901; 46.574852;33.678394
133001; 47.185176;54.749761
133101; 47.440806;45.956937
133201; 47.576682;58.012961
133301; 47.471410;34.044778
133401; 47.658667;46.722803
133501; 47.958122;52.865559
133601; 48.162809;42.066457
133701; 48.202640;84.366948
133801; 48.038334;46.769818
133901; 48.010763;66.933744
134001; 47.952642;66.035144
134101; 47.937524;28.557444
134201; 47.804373;48.650642
134301; 47.887094;34.608667
134401; 47.853801;61.788256
134501; 48.165868;53.049309
134601; 48.697379;58.654431
134701; 48.784329;36.811323
134801; 48.809618;41.274494
134901; 48.747036;48.278373
135001; 48.629831;55.424593
135101; 48.451047;56.808406
135201; 48.623332;49.849819
135301; 48.772368;50.715255
135401; 48.713619;49.637952
135501; 48.790777;50.491844
135601; 48.711442;46.686948
135701; 48.634002;38.615157
135801; 48.373990;36.788078
135901; 48.368713;35.693353
136001; 48.348009;46.156009
136101; 48.155399;46.184732
136201; 48.115845;44.384562
136301; 48.111717;44.293440
136401; 47.937823;38.370036
136501; 47.921293;45.090355
136601; 48.071584;49.324219
136701; 48.278621;42.471845
136801; 48.164749;55.054208
136901; 48.127287;51.815844
137001; 48.217734;54.076523
137101; 48.304397;44.726144
137201; 48.226683;31.887362
137301; 48.217206;56.405018
137401; 48.354444;55.729601
137501; 48.215729;32.467917
137601; 48.271151;50.603259
137701; 48.193549;55.514762
137801; 48.257636;38.791060
137901; 48.189686;48.131652
138001; 48.177111;50.774698
138101; 48.251854;53.208553
138201; 48.486831;55.016259
138301; 48.679388;74.453089
138401; 48.726618;68.138819
138501; 48.813341;50.227100
138601; 48.728242;46.720790
138701; 48.941054;50.233253
138801; 48.907614;45.795388
138901; 48.836609;61.503742
139001; 48.862386;24.219142
139101; 49.012314;35.637231
139201; 49.091601;60.464956
139301; 49.619877;40.046317
139401; 49.939383;53.634966
139501; 50.126527;59.555912
139601; 50.145736;52.698894
139701; 50.281344;53.268455
139801; 50.205146;49.190309
139901; 50.089891;68.369199
140001; 49.868840;43.314816
140101; 49.581370;40.553068
140201; 49.202399;47.006383
140301; 48.884261;44.079478
140401; 48.649859;51.973082
140501; 48.532219;52.879380
140601; 48.209631;49.410646
140701; 48.026940;48.157881
140801; 47.711252;51.941090
140901; 47.680979;47.371206
141001; 47.666139;53.480050
141101; 47.606164;44.852251
141201; 47.553279;57.661786
141301; 47.328545;33.607417
141401; 47.015440;40.324753
141501; 46.937577;42.115231
141601; 46.955392;36.226288
141701; 47.289926;40.929053
141801; 47.426664;49.617740
141901; 47.332691;40.264552
142001; 47.396984;64.868675
142101; 47.698894;40.519792
142201; 47.622698;37.162521
142301; 47.734988;33.663091
142401; 47.740942;45.485303
142501; 47.768201;49.357942
142601; 47.658836;64.121727
142701; 47.868872;62.501452
142801; 47.679554;53.374067
142901; 47.851768;49.439687
143001; 48.037728;53.526228
143101; 48.092099;46.474258
143201; 48.163173;41.300588
143301; 48.230476;50.940371
143401; 48.252263;44.424961
143501; 48.538949;62.747075
143601; 48.824263;40.489227
143701; 49.095816;42.949487
143801; 49.076513;42.938855
143901; 49.068080;51.058561
144001; 48.857723;47.197976
144101; 48.869202;60.995361
144201; 48.934816;59.576440
144301; 48.693503;51.223482
144401; 48.769724;49.542905
144501; 48.822717;50.514529
144601; 49.002577;49.226662
144701; 49.200591;59.611383
144801; 48.969652;51.338875
144901; 48.930717;45.106852
145001; 48.936295;49.052880
145101; 49.093236;45.272511
145201; 48.850118;42.090824
145301; 48.674343;40.921408
145401; 48.602846;44.275881
145501; 48.546634;48.846688
145601; 48.409743;41.005757
145701; 48.447178;32.879942
145801; 48.323756;47.788897
145901; 48.324608;54.725784
146001; 48.014188;41.352485
146101; 47.910916;42.300583
146201; 47.890703;36.340037
146301; 47.764573;41.393248
146401; 47.820862;40.408663
146501; 47.778596;42.983384
146601; 47.730694;46.445793
146701; 47.697592;44.528463
146801; 47.730274;40.609756
146901; 48.031138;29.495119
147001; 48.770587;41.637175
147101; 48.814771;50.975152
147201; 48.759885;44.137307
147301; 48.668879;47.926566
147401; 48.693891;59.837956
147501; 48.711177;47.646448
147601; 48.647495;62.366777
147701; 48.451239;29.095624
147801; 48.300836;45.169678
147901; 48.136583;44.668707
148001; 47.971924;47.321289
148101; 47.924783;39.957226
148201; 47.920898;57.100870
148301; 47.744511;42.419025
148401; 47.581620;49.608224
148501; 47.571645;55.406481
148601; 47.563812;40.273063
148701; 47.657351;42.501624
148801; 47.707938;68.280569
148901; 47.557169;51.185488
149001; 47.420946;40.777237
149101; 47.557140;48.264467
149201; 47.458569;50.159704
149301; 47.300942;44.194875
149401; 47.583270;60.897082
149501; 47.579478;45.176719
149601; 47.721386;50.242541
149701; 47.783809;41.896612
149801; 47.643249;58.121748
149901; 47.540856;46.240088
150001; 47.493687;57.431968
150101; 47.339641;45.399531
150201; 47.271244;41.477742
150301; 47.104992;42.715041
150401; 47.067098;61.725958
150501; 47.223994;39.289317
150601; 47.254634;28.105167
150701; 47.383595;54.400900
150801; 47.497781;45.413171
150901; 47.457415;46.675535
151001; 47.337740;42.688618
151101; 47.463541;52.819164
151201; 47.633921;39.532786
151301; 47.544550;53.124131
151401; 47.722802;50.018428
151501; 47.926771;47.857392
151601; 47.901186;49.056988
151701; 47.857619;41.416367
151801; 47.848270;32.425885
151901; 47.612211;54.971974
152001; 47.571573;38.665512
152101; 47.573901;32.545394
152201; 47.494836;37.302190
152301; 47.307563;40.681206
152401; 47.210750;39.785303
152501; 47.215374;40.377933
152601; 47.257225;38.884785
152701; 47.376485;45.421275
152801; 47.246322;48.974640
152901; 47.216439;51.979541
153001; 47.147759;44.738289
153101; 47.034064;64.224715
153201; 47.153821;81.351350
153301; 47.255449;37.344184
153401; 47.178599;28.083859
153501; 47.168843;43.410955
153601; 47.139876;42.898184
153701; 47.178276;49.994736
153801; 47.085097;53.214099
153901; 46.895345;43.829356
154001; 46.930592;45.670973
154101; 46.833016;47.340780
154201; 46.830486;45.344417
154301; 46.828284;32.754914
154401; 46.871052;56.273623
154501; 46.733245;52.589314
154601; 46.535516;57.572515
154701; 46.449047;38.393719
154801; 46.459581;40.394799
154901; 46.546934;30.592513
155001; 46.630323;42.187539
155101; 46.816995;38.836758
155201; 46.881973;45.731253
155301; 47.071594;64.337122
155401; 47.278786;57.707725
155501; 47.109063;45.800355
155601; 47.144700;53.533704
155701; 47.187004;42.985803
155801; 47.315080;55.930421
155901; 47.288810;42.762244
156001; 47.152981;35.857904
156101; 47.286255;61.248101
156201; 47.528171;50.139032
156301; 47.483314;41.477806
156401; 47.539994;57.332866
156501; 47.649668;38.289548
156601; 47.565069;46.960168
156701; 47.562172;55.442607
156801; 47.584828;39.974396
156901; 47.340161;44.250654
157001; 47.096515;27.316129
157101; 47.131174;44.233784
157201; 47.206314;54.302624
157301; 47.412978;56.907867
157401; 47.339716;42.872026
157501; 47.375097;53.740734
157601; 47.653808;36.270785
157701; 47.604628;50.300061
157801; 47.666465;58.802102
157901; 47.549881;45.303844
158001; 47.653925;66.569342
158101; 47.913927;72.829322
158201; 47.842830;45.883678
158301; 47.646337;40.272505
158401; 47.409599;47.576031
158501; 47.534688;45.306307
158601; 47.652564;46.025999
158701; 47.720132;43.326644
158801; 47.633656;48.262893
158901; 47.431285;40.910395
159001; 47.510254;45.570143
159101; 47.351633;44.033933
159201; 47.366467;47.151357
159301; 47.880740;49.050183
159401; 48.278497;46.710538
159501; 48.047802;43.344446
159601; 47.856994;52.331641
159701; 47.573230;48.162753
159801; 47.543810;44.940247
159901; 47.406409;36.709980
160001; 47.453466;60.554522
160101; 47.446571;34.825679
160201; 47.073641;51.390299
160301; 47.085799;39.610106
160401; 47.421900;41.087383
160501; 47.603834;37.593880
160601; 47.666048;50.154365
160701; 47.704684;53.815777
160801; 47.781599;44.262765
160901; 47.753029;53.988899
161001; 47.777871;46.267974
161101; 47.824029;49.939786
161201; 47.967736;47.883646
161301; 47.980637;37.939890
161401; 47.919639;50.720917
161501; 47.770611;65.399344
161601; 47.460566;48.225229
161701; 47.244689;41.871282
161801; 47.256374;50.202076
161901; 47.044944;39.616742
162001; 47.221309;52.263851
162101; 47.420845;57.778673
162201; 47.368215;55.698565
162301; 47.518181;69.593905
162401; 47.535235;37.656789
162501; 47.503274;52.726126
162601; 47.353502;50.080316
162701; 47.232015;44.972854
162801; 47.233375;43.835028
162901; 47.172996;55.507064
163001; 47.116779;41.303304
163101; 46.972166;42.539117
163201; 46.748052;45.268927
163301; 46.572903;43.166190
163401; 46.525080;49.210641
163501; 46.868828;44.374314
163601; 46.944286;41.754047
163701; 47.086714;43.875456
163801; 47.401582;58.657095
163901; 47.313287;53.161721
164001; 47.412974;41.756092
164101; 47.317628;56.312430
164201; 47.234679;50.347028
164301; 47.022201;32.459011
164401; 47.075574;37.709885
164501; 47.018845;43.601321
164601; 46.843523;41.001047
164701; 46.850422;35.171589
164801; 46.833912;57.654056
164901; 46.825838;44.388461
165001; 46.757409;50.104810
165101; 46.700147;40.641962
165201; 46.637381;43.717831
165301; 46.590241;43.088525
165401; 46.763558;35.149136
165501; 46.625188;41.156520
165601; 46.872004;47.987398
165701; 47.035855;39.925942
165801; 47.147410;45.965614
165901; 47.105046;57.271940
166001; 47.104355;41.831654
166101; 47.237667;32.868798
166201; 47.138328;29.895014
166301; 47.050569;36.431610
166401; 46.833669;44.723387
166501; 46.579358;39.863482
166601; 46.414328;50.301616
166701; 46.125835;37.146341
166801; 46.067726;43.209831
166901; 46.116451;47.360582
167001; 45.856738;37.828768
167101; 45.768378;44.393765
167201; 45.559419;46.803949
167301; 45.489717;40.006691
167401; 45.451506;43.505329
167501; 45.384733;43.873802
167601; 45.625595;56.138891
167701; 45.795159;46.832500
167801; 45.738087;51.735896
167901; 46.080209;42.228470
168001; 46.166934;35.557444
168101; 46.138200;50.943343
168201; 45.978879;41.652042
168301; 45.734153;38.257568
168401; 45.714166;79.659931
168501; 45.947461;33.824241
168601; 46.077447;44.918735
168701; 46.276500;56.930805
168801; 46.225140;57.899213
168901; 46.478202;44.734854
169001; 46.201060;30.212379
169101; 46.241819;43.861297
169201; 46.079995;38.769632
169301; 45.952709;32.904768
169401; 45.803641;25.481989
169501; 45.819770;63.524881
169601; 45.783862;46.939995
169701; 45.866762;48.759333
169801; 46.215509;51.448639
169901; 46.657912;39.528585
170001; 46.623427;37.431554
170101; 46.497523;45.499977
170201; 46.369338;44.988213
170301; 46.393818;48.156963
170401; 46.491508;44.509620
170501; 46.410532;40.504226
170601; 46.338153;52.462105
170701; 46.454684;54.815241
170801; 46.314124;35.394683
170901; 46.533599;46.367051
171001; 46.701751;56.975248
171101; 46.700504;52.032928
171201; 46.448208;46.247053
171301; 46.326497;34.454767
171401; 46.259709;36.453561
171501; 46.144870;51.311576
171601; 46.175420;53.551837
171701; 46.207247;43.098153
171801; 46.326753;51.043277
171901; 46.420713;50.155208
172001; 46.680127;46.908242
172101; 46.827551;58.907243
172201; 46.921862;56.977389
172301; 47.052810;64.827479
172401; 47.067748;36.783712
172501; 47.341487;46.767551
172601; 47.132928;43.160217
172701; 47.048810;29.473766
172801; 46.913311;41.897232
172901; 46.786299;44.004629
173001; 46.542143;49.089016
173101; 46.353038;37.723813
173201; 46.120365;49.774007
173301; 46.177562;31.901561
173401; 46.004393;34.611908
173501; 45.829054;48.943969
173601; 45.663872;62.962915
173701; 45.691949;65.991078
173801; 45.697205;32.558974
173901; 45.611381;52.708977
174001; 45.734529;43.626138
174101; 45.768442;48.304951
174201; 45.984532;60.581931
174301; 46.169106;47.792599
174401; 46.033378;37.431936
174501; 46.217295;41.321556
174601; 46.093985;44.540389
174701; 46.109814;41.813465
174801; 46.035471;34.904595
174901; 45.794892;46.362275
175001; 45.685218;51.989279
175101; 45.507228;42.340448
175201; 45.468671;45.328878
175301; 45.547891;46.424913
175401; 45.687077;53.949023
175501; 45.682665;56.578622
175601; 46.027355;37.512923
175701; 46.030444;52.592816
175801; 45.901134;57.184286
175901; 45.936233;48.508254
176001; 45.841644;31.344609
176101; 45.735088;49.587135
176201; 45.557489;42.202465
176301; 45.720624;54.281582
176401; 45.633262;44.499754
176501; 45.659916;45.603274
176601; 45.794925;47.961977
176701; 45.984757;58.221189
176801; 45.873087;55.406702
176901; 45.869543;48.894066
177001; 45.890524;56.646998
177101; 45.922367;47.855800
177201; 45.834474;44.226411
177301; 46.435417;60.241097
177401; 46.716857;47.645748
177501; 46.861572;52.289223
177601; 46.801523;34.558498
177701; 46.974602;47.673411
177801; 47.284009;52.166486
177901; 47.510431;39.168076
178001; 47.505687;34.605567
178101; 47.390058;47.674459
178201; 47.338996;70.572381
178301; 47.293706;44.100667
178401; 47.311759;52.853170
178501; 47.163113;38.037304
178601; 47.256598;56.885732
178701; 47.188821;49.428440
178801; 47.496846;57.533697
178901; 48.051020;72.548588
179001; 48.136175;41.983308
179101; 48.159588;37.132069
179201; 48.064218;41.802429
179301; 47.958327;41.704056
179401; 47.769984;35.498855
179501; 47.961516;37.090442
179601; 48.082318;68.643354
179701; 48.018722;37.147903
179801; 48.099887;49.430746
179901; 48.031258;37.921087
180001; 47.929192;42.741760
180101; 47.683990;49.404190
180201; 47.673305;58.407746
180301; 47.641890;49.525498
180401; 47.449438;34.914340
180501; 47.402608;54.130290
180601; 47.421536;59.555062
180701; 47.239345;66.647889
180801; 47.236393;49.764914
180901; 47.372150;42.046315
181001; 47.584236;49.235478
181101; 47.452060;38.727047
181201; 47.413876;44.224900
181301; 47.509261;57.671975
181401; 47.617914;41.025757
181501; 47.583029;41.735945
181601; 47.535847;46.924039
181701; 47.686739;57.389911
181801; 47.549386;51.220206
181901; 47.593056;48.834852
182001; 47.515339;48.345971
182101; 47.618012;36.450335
182201; 47.542401;43.642287
182301; 47.536772;33.430513
182401; 47.608129;35.110522
182501; 47.824466;54.322261
182601; 47.993214;56.877224
182701; 48.014514;42.577352
182801; 48.154090;55.525344
182901; 48.082192;41.865517
183001; 48.299861;52.230883
183101; 48.260444;56.089067
183201; 48.187887;48.491705
183301; 48.223849;45.550632
183401; 48.397861;49.992506
183501; 48.438090;66.724422
183601; 49.030237;47.960781
183701; 49.351655;48.644415
183801; 49.531348;52.549436
183901; 49.555222;53.601329
184001; 49.704781;55.431568
184101; 49.630829;40.010881
184201; 49.522399;61.652717
184301; 49.319288;59.270038
184401; 49.037457;37.795644
184501; 48.654432;46.680407
184601; 48.325993;33.432441
184701; 48.074090;30.790759
184801; 47.960479;52.624817
184901; 47.639865;40.877287
185001; 47.434502;35.875094
185101; 47.119973;50.270674
185201; 47.075474;48.448398
185301; 47.054029;30.154080
185401; 47.001074;57.072741
185501; 46.937281;40.490137
185601; 46.749191;38.627277
185701; 46.414470;50.522151
185801; 46.310298;54.785599
185901; 46.324018;51.295498
186001; 46.654180;36.023348
186101; 46.788309;48.261812
186201; 46.672554;58.132199
186301; 46.712438;34.237825
186401; 47.046302;47.017358
186501; 46.970518;39.819027
186601; 47.090775;41.398098
186701; 47.080343;56.330596
186801; 47.097675;47.251309
186901; 46.962776;65.976797
187001; 47.165701;50.644420
187101; 46.988120;49.455315
187201; 47.184822;54.114666
187301; 47.361688;52.843180
187401; 47.412229;57.962962
187501; 47.510907;55.855988
187601; 47.575367;55.803373
187701; 47.610359;37.253238
187801; 47.875737;62.711663
187901; 48.190416;39.461275
188001; 48.460285;35.286421
188101; 48.455175;70.379826
188201; 48.463830;39.521881
188301; 48.265122;38.577280
188401; 48.260900;62.256184
188501; 48.316952;57.486677
188601; 48.085636;49.512217
188701; 48.169019;42.917894
188801; 48.224728;36.180588
188901; 48.415384;57.499530
189001; 48.612034;51.467198
189101; 48.394226;66.508263
189201; 48.359340;35.255182
189301; 48.366264;39.544536
189401; 48.517268;47.989248
189501; 48.271891;42.171129
189601; 48.093341;49.507654
189701; 47.987102;42.442781
189801; 47.934285;42.796852
189901; 47.811894;66.273487
190001; 47.855380;42.614524
190101; 47.717946;32.265333
190201; 47.708654;50.444180
190301; 47.412957;46.200369
190401; 47.314041;48.579457
190501; 47.299947;37.436507
190601; 47.172270;47.428387
190701; 47.214502;30.325165
190801; 47.160638;48.163790
190901; 47.121385;43.209458
191001; 47.083124;36.206820
191101; 47.109581;65.777360
191201; 47.456490;54.662616
191301; 48.149566;57.110093
191401; 48.184938;35.169065
191501; 48.149600;53.490900
191601; 48.053619;45.558076
191701; 48.085472;35.691568
191801; 48.130504;54.419338
191901; 48.018514;32.805787
192001; 47.861729;39.492417
192101; 47.697920;49.813969
192201; 47.511650;34.234325
192301; 47.367535;46.322515
192401; 47.319160;51.926849
192501; 47.290355;29.095873
192601; 47.126288;49.714819
192701; 46.925698;39.209482
192801; 46.925945;69.177391
192901; 46.949355;48.804421
193001; 47.025717;47.929180
193101; 47.044737;45.749793
193201; 46.915369;46.995182
193301; 46.778699;48.149027
193401; 46.922853;44.914895
193501; 46.794120;50.057617
193601; 46.658505;42.271631
193701; 46.888062;46.992053
193801; 46.893203;58.801380
193901; 47.028914;55.591501
194001; 47.083231;45.550297
194101; 46.927740;45.592524
194201; 46.839599;42.673614
194301; 46.789718;57.631926
194401; 46.661583;35.460345
194501; 46.595501;35.593740
194601; 46.429719;39.627536
194701; 46.378917;49.370078
194801; 46.548538;40.360710
194901; 46.615274;30.931596
195001; 46.688783;37.905495
195101; 46.802246;49.037897
195201; 46.811472;44.369807
195301; 46.690117;43.136881
195401; 46.820205;61.670620
195501; 47.004747;39.087415
195601; 46.903713;53.873785
195701; 47.057859;43.668405
195801; 47.272761;60.811085
195901; 47.271533;55.083905
196001; 47.223647;48.003814
196101; 47.203517;52.667804
196201; 46.965231;56.995627
196301; 46.918241;56.520497
196401; 46.963528;92.342480
196501; 46.878948;63.200706
196601; 46.681681;36.173304
196701; 46.598236;59.274620
196801; 46.571529;40.109406
196901; 46.637004;35.162785
197001; 46.768467;47.131181
197101; 46.603908;48.361388
197201; 46.551802;44.506121
197301; 46.499155;43.659566
197401; 46.354025;41.327872
197501; 46.477981;54.095911
197601; 46.620873;57.313165
197701; 46.538887;53.015779
197801; 46.518835;53.793599
197901; 46.490269;39.119644
198001; 46.514932;36.650730
198101; 46.435801;58.817021
198201; 46.271306;60.753967
198301; 46.312921;54.597497
198401; 46.196631;40.870481
198501; 46.214686;63.684764
198601; 46.237555;38.523833
198701; 46.276609;41.147880
198801; 46.128509;44.596315
198901; 45.947813;39.766283
199001; 45.864850;40.955491
199101; 45.869896;47.392750
199201; 45.966336;52.818349
199301; 46.037159;50.803130
199401; 46.233544;49.248152
199501; 46.316063;32.284561
199601; 46.474768;52.579831
199701; 46.720061;34.516849
199801; 46.567799;52.537594
199901; 46.581056;46.669716
200001; 46.598352;44.890247
200101; 46.692359;43.759363
200201; 46.678753;49.978363
200301; 46.540077;47.570607
200401; 46.654779;58.433825
200501; 46.901659;38.991806
200601; 46.875838;73.346061
200701; 46.929106;47.382149
200801; 47.064890;46.741032
200901; 46.974413;45.884596
201001; 46.987659;38.886310
201101; 47.010883;48.696554
201201; 46.778518;46.691631
201301; 46.543595;44.126870
201401; 46.561677;43.739967
201501; 46.639993;50.296271
201601; 46.812609;52.287636
201701; 46.772542;36.933462
201801; 46.805787;50.464451
201901; 47.120520;45.008117
202001; 47.052349;53.803817
202101; 47.107881;49.261412
202201; 46.989783;50.710375
202301; 47.072368;52.516371
202401; 47.319361;52.073268
202501; 47.306133;48.560558
202601; 47.111676;45.109407
202701; 46.846955;38.694789
202801; 46.974754;58.437363
202901; 47.097664;46.209011
203001; 47.154391;42.282672
203101; 47.079909;48.928422
203201; 46.871590;53.271936
203301; 46.955016;47.795423
203401; 46.779521;42.003378
203501; 46.806926;55.311277
203601; 47.309819;55.531204
203701; 47.717084;45.689039
203801; 47.518993;37.012114
203901; 47.291290;42.711693
204001; 47.019903;40.263641
204101; 47.000246;50.248832
204201; 46.893971;47.507799
204301; 46.876324;87.757606
204401; 46.912819;46.563557
204501; 46.511864;34.583388
204601; 46.524562;41.375221
204701; 46.865574;44.882194
204801; 47.061973;61.875480
204901; 47.137016;44.744045
205001; 47.172044;67.848035
205101; 47.242897;42.511712
205201; 47.218571;51.293504
205301; 47.237498;30.171197
205401; 47.278039;57.794297
205501; 47.422878;43.452696
205601; 47.447860;43.240934
205701; 47.381363;65.387450
205801; 47.215639;53.146979
205901; 46.912530;41.591627
206001; 46.710782;46.525860
206101; 46.711721;42.295704
206201; 46.506319;44.524094
206301; 46.668739;34.868889
206401; 46.858990;54.063087
206501; 46.817951;37.296436
206601; 46.957178;67.444870
206701; 47.017365;59.733960
206801; 46.970800;42.072872
206901; 46.819585;44.368279
207001; 46.689530;48.894282
207101; 46.712030;47.341913
207201; 46.645484;32.749634
207301; 46.630120;44.661106
207401; 46.482911;33.074609
207501; 46.260839;37.804118
207601; 46.104268;52.863899
207701; 46.022455;49.993707
207801; 46.340008;55.766453
207901; 46.412427;36.745902
208001; 46.570529;36.305459
208101; 46.880009;43.282450
208201; 46.776051;49.367859
208301; 46.910795;39.686891
208401; 46.806065;39.309156
208501; 46.706924;59.241533
208601; 46.518607;47.730034
208701; 46.560564;61.482519
208801; 46.499508;40.133004
208901; 46.322548;30.448305
209001; 46.326759;48.170806
209101; 46.279860;42.087640
209201; 46.283118;52.995440
209301; 46.170913;48.604479
209401; 46.119898;58.879939
209501; 46.058125;50.636063
209601; 46.029235;47.588176
209701; 46.211772;54.375355
209801; 46.061224;35.307827
209901; 46.316418;35.264996
210001; 46.482745;56.188597
210101; 46.602341;53.819599
210201; 46.569087;53.965493
210301; 46.579348;51.281170
210401; 46.720135;51.232003
210501; 46.624202;44.250850
210601; 46.525667;39.555415
210701; 46.287944;23.439180
210801; 46.011971;48.712125
210901; 45.837329;38.489996
211001; 45.552831;32.989571
211101; 45.473455;44.905960
211201; 45.507921;45.444334
211301; 45.248482;42.035619
211401; 45.135840;45.285126
211501; 44.920294;47.955138
211601; 44.892063;39.822738
211701; 44.863479;51.042124
211801; 44.780519;41.922442
211901; 45.016047;54.443343
212001; 45.221783;33.868523
212101; 45.165443;50.683854
212201; 45.538393;49.665694
212301; 45.597735;36.525288
212401; 45.585466;38.487733
212501; 45.422633;45.831733
212601; 45.202014;59.752013
212701; 45.080532;40.748101
212801; 45.363311;42.151799
212901; 45.482188;52.047771
213001; 45.670092;50.999847
213101; 45.604709;29.909786
213201; 45.906012;35.950908
213301; 45.645220;41.437822
213401; 45.637482;43.640758
213501; 45.490531;33.755030
213601; 45.358070;55.459487
213701; 45.210128;36.071702
213801; 45.157939;54.670560
213901; 45.148853;40.549233
214001; 45.249929;36.023777
214101; 45.595035;42.852449
214201; 46.072978;56.665193
214301; 46.019741;56.796496
214401; 45.908123;40.505638
214501; 45.767447;39.682827
214601; 45.788283;47.969276
214701; 45.876986;54.424598
214801; 45.817658;37.054508
214901; 45.739084;52.677747
215001; 45.866324;59.254889
215101; 45.760389;53.877809
215201; 45.976375;54.293226
215301; 46.149825;39.181830
215401; 46.147219;39.638683
215501; 45.924884;46.275714
215601; 45.797064;51.236672
215701; 45.754165;44.912308
215801; 45.610361;45.378887
215901; 45.635471;52.761907
216001; 45.685729;34.977289
216101; 45.785223;47.652476
216201; 45.886393;41.917644
216301; 46.131204;50.916470
216401; 46.258699;55.111235
216501; 46.373792;34.980265
216601; 46.491225;54.010384
216701; 46.533804;47.567318
216801; 46.798476;45.910636
216901; 46.593768;37.420404
217001; 46.491568;41.228502
217101; 46.332374;54.049310
217201; 46.204446;33.328833
217301; 45.942121;40.598064
217401; 45.805528;37.813426
217501; 45.567019;45.959082
217601; 45.613844;34.688678
217701; 45.446977;41.486092
217801; 45.250513;40.784814
217901; 45.058921;44.756213
218001; 45.091942;39.315606
218101; 45.151996;34.532358
218201; 45.027254;55.905356
218301; 45.169620;49.611894
218401; 45.189049;58.878061
218501; 45.385007;27.929037
218601; 45.594138;33.518675
218701; 45.458631;38.554438
218801; 45.654153;63.408190
218901; 45.547840;37.810607
219001; 45.549102;56.012797
219101; 45.471468;43.188778
219201; 45.226711;39.057670
219301; 45.102360;41.696527
219401; 44.941829;49.330924
219501; 44.888986;50.910468
219601; 44.955402;34.472265
219701; 45.080810;50.724349
219801; 45.069201;60.168587
219901; 45.397229;51.979715
220001; 45.409850;36.610548
220101; 45.278454;40.424658
220201; 45.300267;52.342683
220301; 45.246261;28.632249
220401; 45.115015;56.699060
220501; 44.966445;55.078558
220601; 45.101443;51.503815
220701; 45.025434;46.220511
220801; 45.048002;53.342357
220901; 45.157277;36.762546
221001; 45.358824;46.044366
221101; 45.222511;43.678637
221201; 45.261708;31.901437
221301; 45.286247;37.926699
221401; 45.331509;41.850691
221501; 45.249067;41.201099
